market_key,family,direction,segment_type,segment,n,wins,hit_rate,avg_odd,avg_fair_prob,avg_ev,avg_edge,profit,roi,roi_ci_low,roi_ci_high,roi_t,breakeven
1x2_total_ft_draw,1x2,draw,home_team,Real Oviedo,6,2,0.3333333333333333,3.236666666666667,0.4044236950311249,0.3080101427373938,0.09362740882177817,0.3500000000000001,0.05833333333333335,-1.1397846739010373,1.256451340567704,0.09542743923634892,0.3089598352214212
1x2_total_ft_draw,1x2,draw,home_team,Pisa,5,0,0.0,3.4,0.3880250128711785,0.27073361730046497,0.08132129887655037,-5.0,-1.0,-1.0,-1.0,,0.29411764705882354
btts_total_ft_nao,btts,nao,home_team,Udinese,5,5,1.0,2.759333333333333,0.5077182904043367,0.3995775630482547,0.14471999820073542,8.796666666666667,1.7593333333333334,1.6622101087849965,1.8564565578816703,35.50431268493525,0.36240637835225903
btts_total_ft_nao,btts,nao,home_team,West Bromwich Albion,5,4,0.8,2.7350000000000003,0.5003971795512078,0.3657278135456893,0.1334891259068635,6.1325,1.2265000000000001,0.24412274644502185,2.2088772535549785,2.447063988198771,0.36563071297989025
btts_total_ft_nao,btts,nao,home_team,Grêmio,5,4,0.8,2.661833333333333,0.49875310949385554,0.3107735727534417,0.11848311031700054,5.6866666666666665,1.1373333333333333,0.16958914719045948,2.105077519476207,2.3034737539660375,0.37568092167052786
btts_total_ft_nao,btts,nao,home_team,Vitória,5,4,0.8,2.5426666666666664,0.5997792302165854,0.5209625080786194,0.2057853783076852,4.963333333333333,0.9926666666666666,0.11874908792393679,1.8665842454093964,2.2263274180452597,0.3932878867330887
btts_total_ft_nao,btts,nao,home_team,Real Valladolid,5,4,0.8,2.449666666666667,0.6496754836737457,0.5992509867844207,0.23732022839143313,4.793333333333334,0.9586666666666668,0.07612546135353493,1.8412078719797986,2.1290639523170922,0.40821880527962984
btts_total_ft_nao,btts,nao,home_team,Real Oviedo,6,4,0.6666666666666666,2.7241666666666666,0.7696358558280441,1.093377502184954,0.3988542989917681,4.515,0.7525,-0.2561802045247048,1.7611802045247047,1.4622077377784768,0.36708473539308656
btts_total_ft_nao,btts,nao,home_team,Corinthians,6,4,0.6666666666666666,2.5631944444444446,0.5423227624451763,0.3946238687725964,0.15142208947792016,4.448333333333332,0.7413888888888888,-0.24611519823085048,1.728892976008628,1.4715100840347453,0.39013817393660255
btts_total_ft_nao,btts,nao,home_team,Atlético de Madrid,5,3,0.6,2.8634999999999997,0.5191716200676696,0.4786804181964057,0.16492422491433864,3.4675000000000002,0.6935,-0.5493019831332746,1.9363019831332746,1.0937060114541488,0.3492229788720098
btts_total_ft_nao,btts,nao,home_team,Millwall,6,4,0.6666666666666666,2.6154166666666665,0.5016700281346793,0.2980307422617004,0.1114098672250287,3.9175,0.6529166666666667,-0.30434237537201536,1.6101757087053488,1.3368551358274394,0.38234825553608415
btts_total_ft_nao,btts,nao,home_team,Casa Pia,5,3,0.6,2.4911666666666665,0.4961395508720733,0.21677707659820017,0.08386483401565978,2.9116666666666666,0.5823333333333334,-0.5566144798267878,1.7212811464934545,1.0021296148473058,0.4014183448183582
btts_total_ft_nao,btts,nao,home_team,Rayo Vallecano,6,3,0.5,3.063333333333333,0.505600492535327,0.5468052045537428,0.17834789123887743,3.4266666666666663,0.571111111111111,-0.6904743212427872,1.8326965434650093,0.8872786171042052,0.3264417845484222
btts_total_ft_nao,btts,nao,home_team,Internacional,7,4,0.5714285714285714,2.6695238095238096,0.5465865649359262,0.4480616043217135,0.16555961202777247,3.4650000000000007,0.4950000000000001,-0.4899769179472627,1.4799769179472628,0.9849977012882105,0.3745986443096682
btts_total_ft_nao,btts,nao,home_team,Athletico Paranaense,5,3,0.6,2.5741666666666663,0.5453779387932505,0.39443209076067676,0.1486022876844438,2.3241666666666667,0.4648333333333333,-0.6167777489734675,1.546444415640134,0.8423298801545618,0.3884752347037877
btts_total_ft_nao,btts,nao,home_team,São Paulo,5,3,0.6,2.5496666666666665,0.5933707010105242,0.5033421734714387,0.18969078240205586,2.2416666666666663,0.44833333333333325,-0.6306205073022251,1.5272871739688916,0.8144308868817918,0.3922081317819323
btts_total_ft_nao,btts,nao,home_team,Santos,6,3,0.5,2.7511111111111113,0.5535814871341697,0.5220787256120141,0.1899181340734848,2.3799999999999994,0.39666666666666656,-0.7210723412759494,1.5144056746092824,0.6955708453780483,0.36348949919224555
btts_total_ft_nao,btts,nao,home_team,Cruzeiro,6,3,0.5,2.760972222222222,0.592181760947616,0.6330947435269634,0.22929254467009252,2.279166666666667,0.37986111111111115,-0.7278131125793157,1.487535334801538,0.6721541061931028,0.3621912571054882
btts_total_ft_nao,btts,nao,home_team,Birmingham City,6,3,0.5,2.8050833333333336,0.5359068434975961,0.5069468968439557,0.17704818794070953,2.234,0.37233333333333335,-0.7301305579820789,1.4747972246487457,0.6619476057965031,0.3564956477823
btts_total_ft_nao,btts,nao,home_team,Atlético Mineiro,6,3,0.5,2.776388888888889,0.5333281492860894,0.4784821145587305,0.17235399415502264,2.0883333333333334,0.34805555555555556,-0.7329123701476898,1.429023481258801,0.6310907776889654,0.3601800900450225
btts_total_ft_nao,btts,nao,home_team,Athletic Club,6,3,0.5,2.736388888888889,0.546398425848544,0.49671063363166584,0.17933803301975038,2.0641666666666665,0.34402777777777777,-0.7401946430967192,1.4282501986522749,0.6219152375585273,0.3654451324738605
btts_total_ft_nao,btts,nao,home_team,Oxford United,6,3,0.5,2.4741666666666666,0.6057345126708391,0.4870930739513497,0.19430354537059727,1.8874999999999997,0.31458333333333327,-0.7401582917991145,1.369324958465781,0.5845823457056666,0.4041764904008084
btts_total_ft_nao,btts,nao,home_team,Aldosivi,5,3,0.6,2.145166666666667,0.6220172475630823,0.32822025023355333,0.15462240375285954,1.4333333333333336,0.28666666666666674,-0.6387689880507329,1.2121023213840663,0.6071374749854911,0.4661642452023929
btts_total_ft_nao,btts,nao,home_team,Ceuta,5,2,0.4,2.8028666666666666,0.445982840992169,0.2276310129015552,0.07924807120734045,1.3593333333333333,0.27186666666666665,-1.1206853848536427,1.664418718186976,0.3826490119955816,0.3567775848536023
btts_total_ft_nao,btts,nao,home_team,Middlesbrough,7,4,0.5714285714285714,2.160595238095238,0.6310446938620166,0.3385986752088271,0.15900288006485158,1.6266666666666671,0.23238095238095244,-0.5856756933078137,1.0504375980697185,0.5567666604348465,0.4628354179293625
btts_total_ft_nao,btts,nao,home_team,FC Andorra,5,2,0.4,2.8511333333333333,0.5185779718747472,0.4760509101921383,0.16766904065636357,0.8441666666666663,0.16883333333333325,-1.086030685704409,1.4236973523710754,0.263704535561618,0.3507377183342297
btts_total_ft_nao,btts,nao,home_team,Lorient,5,2,0.4,2.725966666666667,0.48165822083760024,0.3122223854634042,0.11350072122386697,0.7333333333333334,0.14666666666666667,-1.08778414815838,1.3811174814917135,0.23287008539696902,0.36684234338888955
btts_total_ft_nao,btts,nao,home_team,Cremonese,5,2,0.4,2.7370666666666663,0.5410033136768382,0.4789070475369749,0.17480556480590065,0.5733333333333328,0.11466666666666656,-1.0819697919158424,1.3113031252491754,0.18781532607897722,0.3653546375681996
btts_total_ft_nao,btts,nao,home_team,Werder Bremen,5,2,0.4,2.9032666666666667,0.44138698698374473,0.28027712343526817,0.09572754614862014,0.5013333333333336,0.10026666666666673,-1.0817981432363362,1.2823314765696696,0.16625371554948237,0.34443959677604535
btts_total_ft_nao,btts,nao,home_team,RB Bragantino,5,2,0.4,2.5255,0.5469426395311509,0.35994316486407446,0.14678215091491725,0.4900000000000002,0.09800000000000005,-1.0809343066270578,1.276934306627058,0.16292680509870203,0.3959611958028113
btts_total_ft_nao,btts,nao,home_team,Real Zaragoza,5,2,0.4,2.822833333333333,0.5450109649314405,0.5394410058657197,0.18730286635921614,0.3099999999999996,0.06199999999999992,-1.0795804589778155,1.2035804589778152,0.10644891391081648,0.3542540001180847
btts_total_ft_nao,btts,nao,home_team,Mirandés,5,2,0.4,2.7499333333333333,0.5732550016938328,0.5667348377584684,0.20805984546042114,0.1924999999999999,0.03849999999999998,-1.0775144305877051,1.154514430587705,0.0676156131424411,0.3636451792770734
btts_total_ft_nao,btts,nao,home_team,Leganés,5,2,0.4,2.6976000000000004,0.536849705496401,0.4402342021821724,0.15699999008975976,-0.013333333333332975,-0.002666666666666595,-1.1119510959733356,1.1066177626400024,-0.004711746174904236,0.3706998813760379
btts_total_ft_nao,btts,nao,home_team,Portsmouth,5,2,0.4,2.6531666666666665,0.6030126273469214,0.6114345097164554,0.22167119149244646,-0.020000000000000018,-0.0040000000000000036,-1.0732564390640813,1.0652564390640813,-0.00733219807108419,0.37690809724228913
btts_total_ft_nao,btts,nao,home_team,Barcelona,5,2,0.4,2.3168333333333333,0.5311239058765092,0.21976451294009194,0.0895646811622883,-0.20333333333333292,-0.04066666666666659,-1.101426360487824,1.0200930271544908,-0.07514111549576367,0.43162362419969785
btts_total_ft_nao,btts,nao,home_team,Mirassol,6,2,0.3333333333333333,2.637138888888889,0.5205199995517149,0.35917392042924057,0.13479643857809495,-0.43416666666666703,-0.07236111111111117,-1.1257627981928755,0.9810405759706532,-0.13463788744318697,0.37919883712356617
btts_total_ft_nao,btts,nao,home_team,Pisa,5,2,0.4,2.3966666666666665,0.7832401379265436,0.8770407410282373,0.35841189079899005,-0.42666666666666675,-0.08533333333333334,-1.0966605817263655,0.9259939150596989,-0.1653800326245473,0.41724617524339364
btts_total_ft_nao,btts,nao,home_team,Leicester City,6,2,0.3333333333333333,2.824833333333333,0.460500669945809,0.29314502416560156,0.10431780674183182,-0.7435,-0.12391666666666667,-1.116702306956057,0.8688689736227236,-0.24464159916320885,0.3540031860286743
btts_total_ft_nao,btts,nao,home_team,Chapecoense,6,2,0.3333333333333333,2.7690277777777776,0.48839113373449167,0.3501127146321647,0.1262794199875098,-0.7916666666666665,-0.13194444444444442,-1.1155355587307016,0.8516466698418128,-0.262925424350516,0.36113758338767116
btts_total_ft_nao,btts,nao,home_team,Palmeiras,6,2,0.3333333333333333,2.3216666666666668,0.5837308757990334,0.362971354009409,0.1427328097153787,-1.0199999999999996,-0.16999999999999993,-1.1257827280349215,0.7857827280349217,-0.3486147952108899,0.4307250538406317
btts_total_ft_nao,btts,nao,home_team,Real Sociedad,6,2,0.3333333333333333,2.739722222222222,0.5962104202452982,0.6373121992949602,0.22709330786431423,-1.168333333333333,-0.19472222222222216,-1.107982108754963,0.7185376643105187,-0.4179046525349308,0.3650005069451486
btts_total_ft_nao,btts,nao,home_team,Bahia,7,2,0.2857142857142857,2.921904761904762,0.5586374646338553,0.6301176833331288,0.2151656444094314,-1.5975000000000001,-0.22821428571428573,-1.1336066978759958,0.6771781264474243,-0.49403992566276206,0.3422425032594524
btts_total_ft_nao,btts,nao,home_team,Coventry City,5,2,0.4,2.2463333333333333,0.5805688150628981,0.28749108587016015,0.1137198729788492,-1.385,-0.277,-1.0563784181769469,0.5023784181769468,-0.6966064075394216,0.44516990651431965
btts_total_ft_nao,btts,nao,home_team,Alavés,5,1,0.2,2.8445,0.6101392826161398,0.7173588790014431,0.25238840462762924,-1.4,-0.27999999999999997,-1.5422156519390813,0.9822156519390812,-0.4347909956249591,0.3515556336790297
btts_total_ft_nao,btts,nao,home_team,Cultural Leonesa,5,1,0.2,2.711333333333333,0.6384315326087149,0.7366920834230886,0.26878946826442174,-2.1933333333333334,-0.43866666666666665,-1.422727387900654,0.5453940545673207,-0.87371302208721,0.3688222276862553
btts_total_ft_nao,btts,nao,home_team,Mallorca,5,1,0.2,2.527166666666667,0.592176072525241,0.4982606552029618,0.18858221587130236,-2.495,-0.499,-1.3772917244742775,0.3792917244742774,-1.113570779213967,0.39570005935500885
btts_total_ft_nao,btts,nao,home_team,Vasco da Gama,6,1,0.16666666666666666,2.748166666666666,0.47672248999569006,0.3095264148995123,0.11227537710379147,-3.203333333333333,-0.5338888888888889,-1.3678674837627736,0.30008970598499585,-1.2547351078962206,0.36387894960276557
btts_total_ft_nao,btts,nao,home_team,Norwich City,5,1,0.2,2.5363333333333333,0.5142091332103977,0.2904266969774286,0.11129226050515253,-2.715,-0.5429999999999999,-1.3441563235224445,0.25815632352244466,-1.3284298815999844,0.3942699434879748
btts_total_ft_nao,btts,nao,home_team,Botafogo,6,1,0.16666666666666666,2.59375,0.5299502492895378,0.370385813742085,0.13993518993997422,-3.47,-0.5783333333333334,-1.3327907272657273,0.1761240605990605,-1.502448438373855,0.3855421686746988
btts_total_ft_nao,btts,nao,home_team,Southampton,5,1,0.2,2.4888000000000003,0.5751886858638845,0.39837099671162457,0.159590527479606,-2.9766666666666666,-0.5953333333333333,-1.3047452784509463,0.11407861178427992,-1.644817713267967,0.40180006428801024
btts_total_ft_nao,btts,nao,home_team,Fluminense,7,1,0.14285714285714285,2.423452380952381,0.6065013483032028,0.4636015227843137,0.18066709788373947,-4.3825,-0.6260714285714286,-1.3046049796947317,0.052462122551874435,-1.8084588418193217,0.41263447462789216
btts_total_ft_nao,btts,nao,home_team,Stoke City,6,1,0.16666666666666666,2.565,0.5373597355582755,0.3681883074006788,0.13563964090706368,-4.24,-0.7066666666666667,-1.231506592880506,-0.18182674045282743,-2.639026867979436,0.38986354775828463
btts_total_ft_nao,btts,nao,home_team,Osasuna,5,0,0.0,2.7539000000000002,0.4767979659617339,0.3135366084195559,0.11347936982568137,-5.0,-1.0,-1.0,-1.0,,0.3631213914811721
btts_total_ft_sim,btts,sim,home_team,Manchester United,5,5,1.0,2.1325,0.5379180053234986,0.14126181701827428,0.06365768123442755,5.6625,1.1324999999999998,0.9339538381131479,1.3310461618868519,11.179767863077448,0.4689331770222744
btts_total_ft_sim,btts,sim,home_team,Freiburg,5,4,0.8,2.1489666666666665,0.5809150307582958,0.24783526601759998,0.11355750375969349,3.5408333333333335,0.7081666666666667,-0.049443185222813324,1.4657765185561469,1.8320863478807412,0.4653399308194637
btts_total_ft_sim,btts,sim,home_team,Chapecoense,5,4,0.8,2.1629,0.5385141170531295,0.16051453825882372,0.07485923312158997,3.5195000000000003,0.7039000000000001,-0.04731757420124294,1.455117574201243,1.836543828819437,0.46234222571547456
chutes_total_ft_over_25_5,chutes,over,home_team,Botafogo,6,4,0.6666666666666666,1.8283333333333334,0.677430208921512,0.23038460185283868,0.12347443842775874,1.32,0.22,-0.48792518123190265,0.9279251812319026,0.609103915825742,0.5469462169553327
chutes_total_ft_over_26_5,chutes,over,home_team,Botafogo,5,3,0.6,2.022,0.6353485719201082,0.286277256108312,0.13643909608755547,0.8900000000000001,0.17800000000000002,-0.6752355240612055,1.0312355240612054,0.4088906171409873,0.4945598417408507
chutes_total_ft_over_26_5,chutes,over,home_team,Palmeiras,5,2,0.4,1.768,0.7301135226866292,0.2926823914336676,0.16279371472284265,-1.6099999999999999,-0.32199999999999995,-1.052181420963311,0.4081814209633111,-0.8643331395194611,0.5656108597285068
escanteios_total_ft_over_9_5,escanteios,over,home_team,Internazionale,5,4,0.8,1.886,0.6448512724616318,0.22079206036906687,0.11129179250318337,2.6000000000000005,0.5200000000000001,-0.15995900111697892,1.1999590011169792,1.4989139026408134,0.5302226935312832
escanteios_total_ft_over_9_5,escanteios,over,home_team,Middlesbrough,5,4,0.8,1.5719999999999998,0.7819651240348064,0.2293089102113825,0.14502559171264578,1.3199999999999998,0.26399999999999996,-0.2919936529134122,0.8199936529134122,0.9306581060568033,0.6361323155216285
escanteios_total_ft_over_9_5,escanteios,over,home_team,Napoli,5,3,0.6,2.038,0.6422649195184034,0.3129574678935967,0.1497920609128216,1.02,0.20400000000000001,-0.6637573234954575,1.0717573234954574,0.46077398504616957,0.4906771344455349
escanteios_total_ft_over_9_5,escanteios,over,home_team,Athletic Club,5,3,0.6,1.9259999999999997,0.5934307807217498,0.14296544548347007,0.07368449485871273,0.71,0.142,-0.6764148925331209,0.960414892533121,0.34007201303309187,0.5192107995846315
escanteios_total_ft_over_9_5,escanteios,over,home_team,Palmeiras,6,4,0.6666666666666666,1.6583333333333332,0.7530655471519488,0.24899199365061953,0.1491252576933246,0.75,0.125,-0.5123558834922781,0.7623558834922781,0.38440062505984274,0.6030150753768845
escanteios_total_ft_over_9_5,escanteios,over,home_team,Fluminense,5,2,0.4,1.844,0.6209286402659613,0.1406831684288782,0.0761788028197454,-1.03,-0.20600000000000002,-1.0586085608765607,0.6466085608765606,-0.4735584634347294,0.5422993492407809
escanteios_total_ft_over_9_5,escanteios,over,home_team,Cruz Azul,5,2,0.4,1.9120000000000001,0.6294847629744865,0.19972449578202106,0.1035410094092496,-1.06,-0.21200000000000002,-1.0597610636966053,0.6357610636966053,-0.4901381035219439,0.5230125523012552
escanteios_total_ft_over_9_5,escanteios,over,home_team,Cruzeiro,6,1,0.16666666666666666,1.7116666666666667,0.7224331349479799,0.2383183759952405,0.13721729952737402,-4.32,-0.7200000000000001,-1.220983565931392,-0.21901643406860816,-2.816858867169426,0.5842259006815969
escanteios_total_ft_under_11_5,escanteios,under,home_team,Real Oviedo,6,5,0.8333333333333334,1.3399999999999999,0.8525456759848318,0.14223803233860857,0.10556397812894712,0.73,0.12166666666666666,-0.28095358912080665,0.52428692245414,0.5922868093167757,0.746268656716418
escanteios_total_ft_under_11_5,escanteios,under,home_team,Casa Pia,5,4,0.8,1.372,0.8833997773186599,0.20959392421860948,0.15101465870898526,0.3400000000000001,0.06800000000000002,-0.40313116509099667,0.5391311650909967,0.28289361832868276,0.7288629737609329
escanteios_total_ft_under_11_5,escanteios,under,home_team,Oxford United,5,3,0.6,1.462,0.8499635855307858,0.24238878452034046,0.16552089739682257,-0.5800000000000001,-0.11600000000000002,-0.7488973234893634,0.5168973234893635,-0.3592367854338399,0.6839945280437757
escanteios_total_ft_under_11_5,escanteios,under,home_team,Brentford,5,3,0.6,1.434,0.80220182242169,0.15003120279231713,0.10365937660157191,-0.6000000000000001,-0.12000000000000002,-0.7506937691146154,0.5106937691146154,-0.37292266313361555,0.697350069735007
